{
  "timestamp": "2026-02-08T18:16:58.134473",
  "python_version": "3.12.3 (main, Aug 14 2025, 17:47:21) [GCC 13.3.0]",
  "jit_enabled": false,
  "num_runs": 3,
  "total_records": 1000,
  "run_times": [
    0.44433876399999983,
    0.033949959999999724,
    0.034189374999999966
  ],
  "statistics": {
    "mean": 0.17082603299999985,
    "std_dev": 0.23686900355300675,
    "min": 0.033949959999999724,
    "max": 0.44433876399999983,
    "avg_throughput": 5853.908695520669
  }
}